Caribbean and Caribbean-influenced;;
Caribbean and Caribbean-influenced;Baithak Gana;
Caribbean and Caribbean-influenced;Dancehall;
Caribbean and Caribbean-influenced;Bouyon;
Caribbean and Caribbean-influenced;Cadence-lypso;
Caribbean and Caribbean-influenced;Calypso;
Caribbean and Caribbean-influenced;Cha-cha-chá;
Caribbean and Caribbean-influenced;Chutney;
Caribbean and Caribbean-influenced;Chutney;Chutney soca
Caribbean and Caribbean-influenced;Chutney;Chutney parang
Caribbean and Caribbean-influenced;Compas;
Caribbean and Caribbean-influenced;Mambo;
Caribbean and Caribbean-influenced;Merengue;
Caribbean and Caribbean-influenced;Méringue;
Caribbean and Caribbean-influenced;Mozambique;
Caribbean and Caribbean-influenced;Pichakaree;
Caribbean and Caribbean-influenced;Punta;
Caribbean and Caribbean-influenced;Punta Rock;
Caribbean and Caribbean-influenced;Rasin;
Caribbean and Caribbean-influenced;Reggae;
Caribbean and Caribbean-influenced;Reggae;Dub
Caribbean and Caribbean-influenced;Reggae;Lovers rock
Caribbean and Caribbean-influenced;Reggae;Ragga
Caribbean and Caribbean-influenced;Reggae;Ragga jungle
Caribbean and Caribbean-influenced;Reggae;Reggae fusion
Caribbean and Caribbean-influenced;Reggae;Reggaeton
Caribbean and Caribbean-influenced;Rocksteady;
Caribbean and Caribbean-influenced;Rumba;
Caribbean and Caribbean-influenced;Ska;
Caribbean and Caribbean-influenced;Ska;Two-tone
Caribbean and Caribbean-influenced;Ska;Ska punk
Caribbean and Caribbean-influenced;Salsa;
Caribbean and Caribbean-influenced;Son cubano;
Caribbean and Caribbean-influenced;Songo;
Caribbean and Caribbean-influenced;Soca;
Caribbean and Caribbean-influenced;Soca;Power Soca
Caribbean and Caribbean-influenced;Timba;
Caribbean and Caribbean-influenced;Twoubadou;
Caribbean and Caribbean-influenced;Zouk;
